{ 
    
    "platform1": [
        
        {
            "density": 2, "friction": 0, "bounce": 0, 
            "filter": { "categoryBits": 1, "maskBits": 65535 },
            "shape": [   645, 102  ,  677, 95  ,  655, 121  ]
        } ,
        {
            "density": 2, "friction": 0, "bounce": 0, 
            "filter": { "categoryBits": 1, "maskBits": 65535 },
            "shape": [   222, 156  ,  128, 153  ,  115, 145  ,  68, 16  ,  248, 130  ,  268, 148  ]
        } ,
        {
            "density": 2, "friction": 0, "bounce": 0, 
            "filter": { "categoryBits": 1, "maskBits": 65535 },
            "shape": [   1273, 104  ,  1329, 1  ,  1341, 53  ,  1303, 199  ]
        } ,
        {
            "density": 2, "friction": 0, "bounce": 0, 
            "filter": { "categoryBits": 1, "maskBits": 65535 },
            "shape": [   68, 16  ,  100, 143  ,  81, 150  ,  13, 92  ,  1, 47  ]
        } ,
        {
            "density": 2, "friction": 0, "bounce": 0, 
            "filter": { "categoryBits": 1, "maskBits": 65535 },
            "shape": [   100, 143  ,  115, 145  ,  108, 176  ]
        } ,
        {
            "density": 2, "friction": 0, "bounce": 0, 
            "filter": { "categoryBits": 1, "maskBits": 65535 },
            "shape": [   1273, 104  ,  1161, 144  ,  1114, 6  ,  1329, 1  ]
        } ,
        {
            "density": 2, "friction": 0, "bounce": 0, 
            "filter": { "categoryBits": 1, "maskBits": 65535 },
            "shape": [   1161, 144  ,  1093, 141  ,  945, 6  ,  1114, 6  ]
        } ,
        {
            "density": 2, "friction": 0, "bounce": 0, 
            "filter": { "categoryBits": 1, "maskBits": 65535 },
            "shape": [   811, 99  ,  945, 6  ,  1001, 137  ,  912, 164  ]
        } ,
        {
            "density": 2, "friction": 0, "bounce": 0, 
            "filter": { "categoryBits": 1, "maskBits": 65535 },
            "shape": [   172, 221  ,  128, 153  ,  222, 156  ,  211, 197  ]
        } ,
        {
            "density": 2, "friction": 0, "bounce": 0, 
            "filter": { "categoryBits": 1, "maskBits": 65535 },
            "shape": [   459, 92  ,  536, 110  ,  516, 130  ]
        } ,
        {
            "density": 2, "friction": 0, "bounce": 0, 
            "filter": { "categoryBits": 1, "maskBits": 65535 },
            "shape": [   1001, 137  ,  1036, 168  ,  1027, 251  ]
        } ,
        {
            "density": 2, "friction": 0, "bounce": 0, 
            "filter": { "categoryBits": 1, "maskBits": 65535 },
            "shape": [   459, 92  ,  645, 102  ,  619, 129  ]
        } ,
        {
            "density": 2, "friction": 0, "bounce": 0, 
            "filter": { "categoryBits": 1, "maskBits": 65535 },
            "shape": [   128, 153  ,  172, 221  ,  163, 275  ]
        } ,
        {
            "density": 2, "friction": 0, "bounce": 0, 
            "filter": { "categoryBits": 1, "maskBits": 65535 },
            "shape": [   1036, 168  ,  1093, 141  ,  1042, 185  ]
        } ,
        {
            "density": 2, "friction": 0, "bounce": 0, 
            "filter": { "categoryBits": 1, "maskBits": 65535 },
            "shape": [   1001, 137  ,  945, 6  ,  1093, 141  ,  1036, 168  ]
        } ,
        {
            "density": 2, "friction": 0, "bounce": 0, 
            "filter": { "categoryBits": 1, "maskBits": 65535 },
            "shape": [   360, 94  ,  459, 92  ,  401, 108  ]
        } ,
        {
            "density": 2, "friction": 0, "bounce": 0, 
            "filter": { "categoryBits": 1, "maskBits": 65535 },
            "shape": [   248, 130  ,  68, 16  ,  360, 94  ,  327, 121  ]
        } ,
        {
            "density": 2, "friction": 0, "bounce": 0, 
            "filter": { "categoryBits": 1, "maskBits": 65535 },
            "shape": [   764, 93  ,  945, 6  ,  811, 99  ]
        } ,
        {
            "density": 2, "friction": 0, "bounce": 0, 
            "filter": { "categoryBits": 1, "maskBits": 65535 },
            "shape": [   677, 95  ,  459, 92  ,  68, 16  ,  945, 6  ,  764, 93  ]
        } ,
        {
            "density": 2, "friction": 0, "bounce": 0, 
            "filter": { "categoryBits": 1, "maskBits": 65535 },
            "shape": [   68, 16  ,  115, 145  ,  100, 143  ]
        } ,
        {
            "density": 2, "friction": 0, "bounce": 0, 
            "filter": { "categoryBits": 1, "maskBits": 65535 },
            "shape": [   68, 16  ,  459, 92  ,  360, 94  ]
        } ,
        {
            "density": 2, "friction": 0, "bounce": 0, 
            "filter": { "categoryBits": 1, "maskBits": 65535 },
            "shape": [   459, 92  ,  677, 95  ,  645, 102  ]
        }
    ]
    , 
    "platform2": [
        
        {
            "density": 2, "friction": 0, "bounce": 0, 
            "filter": { "categoryBits": 2, "maskBits": 65535 },
            "shape": [   1038, 366  ,  1073, 365  ,  1034, 408  ,  996, 386  ]
        } ,
        {
            "density": 2, "friction": 0, "bounce": 0, 
            "filter": { "categoryBits": 2, "maskBits": 65535 },
            "shape": [   168, 792  ,  135, 764  ,  176, 764  ,  199, 789  ]
        } ,
        {
            "density": 2, "friction": 0, "bounce": 0, 
            "filter": { "categoryBits": 2, "maskBits": 65535 },
            "shape": [   650, 310  ,  687, 298  ,  673, 323  ]
        } ,
        {
            "density": 2, "friction": 0, "bounce": 0, 
            "filter": { "categoryBits": 2, "maskBits": 65535 },
            "shape": [   200, 149  ,  9, 285  ,  26, 132  ,  82, 77  ,  190, 82  ,  229, 104  ]
        } ,
        {
            "density": 2, "friction": 0, "bounce": 0, 
            "filter": { "categoryBits": 2, "maskBits": 65535 },
            "shape": [   687, 298  ,  725, 282  ,  711, 307  ]
        } ,
        {
            "density": 2, "friction": 0, "bounce": 0, 
            "filter": { "categoryBits": 2, "maskBits": 65535 },
            "shape": [   1038, 366  ,  1012, 279  ,  1066, 321  ,  1073, 365  ]
        } ,
        {
            "density": 2, "friction": 0, "bounce": 0, 
            "filter": { "categoryBits": 2, "maskBits": 65535 },
            "shape": [   52, 443  ,  84, 415  ,  600, 214  ,  786, 187  ,  552, 305  ,  58, 473  ]
        } ,
        {
            "density": 2, "friction": 0, "bounce": 0, 
            "filter": { "categoryBits": 2, "maskBits": 65535 },
            "shape": [   1292, 483  ,  1305, 394  ,  1324, 457  ,  1299, 511  ]
        } ,
        {
            "density": 2, "friction": 0, "bounce": 0, 
            "filter": { "categoryBits": 2, "maskBits": 65535 },
            "shape": [   1012, 279  ,  1134, 305  ,  1066, 321  ]
        } ,
        {
            "density": 2, "friction": 0, "bounce": 0, 
            "filter": { "categoryBits": 2, "maskBits": 65535 },
            "shape": [   902, 304  ,  887, 276  ,  1012, 279  ,  969, 317  ]
        } ,
        {
            "density": 2, "friction": 0, "bounce": 0, 
            "filter": { "categoryBits": 2, "maskBits": 65535 },
            "shape": [   1278, 92  ,  1130, 61  ,  1307, 25  ,  1318, 53  ]
        } ,
        {
            "density": 2, "friction": 0, "bounce": 0, 
            "filter": { "categoryBits": 2, "maskBits": 65535 },
            "shape": [   8, 104  ,  26, 132  ,  18, 144  ]
        } ,
        {
            "density": 2, "friction": 0, "bounce": 0, 
            "filter": { "categoryBits": 2, "maskBits": 65535 },
            "shape": [   82, 77  ,  26, 132  ,  8, 104  ]
        } ,
        {
            "density": 2, "friction": 0, "bounce": 0, 
            "filter": { "categoryBits": 2, "maskBits": 65535 },
            "shape": [   1211, 407  ,  1262, 436  ,  1261, 463  ]
        } ,
        {
            "density": 2, "friction": 0, "bounce": 0, 
            "filter": { "categoryBits": 2, "maskBits": 65535 },
            "shape": [   1048, 459  ,  1144, 316  ,  1159, 427  ,  1050, 500  ]
        } ,
        {
            "density": 2, "friction": 0, "bounce": 0, 
            "filter": { "categoryBits": 2, "maskBits": 65535 },
            "shape": [   1342, 178  ,  1305, 394  ,  1144, 316  ,  1134, 305  ,  1130, 61  ,  1278, 92  ]
        } ,
        {
            "density": 2, "friction": 0, "bounce": 0, 
            "filter": { "categoryBits": 2, "maskBits": 65535 },
            "shape": [   1262, 436  ,  1274, 449  ,  1272, 479  ]
        } ,
        {
            "density": 2, "friction": 0, "bounce": 0, 
            "filter": { "categoryBits": 2, "maskBits": 65535 },
            "shape": [   176, 764  ,  135, 764  ,  110, 605  ,  229, 623  ,  236, 680  ]
        } ,
        {
            "density": 2, "friction": 0, "bounce": 0, 
            "filter": { "categoryBits": 2, "maskBits": 65535 },
            "shape": [   552, 305  ,  650, 310  ,  627, 328  ]
        } ,
        {
            "density": 2, "friction": 0, "bounce": 0, 
            "filter": { "categoryBits": 2, "maskBits": 65535 },
            "shape": [   56, 490  ,  312, 474  ,  279, 591  ,  229, 623  ,  110, 605  ]
        } ,
        {
            "density": 2, "friction": 0, "bounce": 0, 
            "filter": { "categoryBits": 2, "maskBits": 65535 },
            "shape": [   1159, 427  ,  1172, 438  ,  1165, 489  ]
        } ,
        {
            "density": 2, "friction": 0, "bounce": 0, 
            "filter": { "categoryBits": 2, "maskBits": 65535 },
            "shape": [   1159, 427  ,  1144, 316  ,  1211, 407  ,  1172, 438  ]
        } ,
        {
            "density": 2, "friction": 0, "bounce": 0, 
            "filter": { "categoryBits": 2, "maskBits": 65535 },
            "shape": [   38, 315  ,  489, 214  ,  600, 214  ,  84, 415  ,  57, 406  ]
        } ,
        {
            "density": 2, "friction": 0, "bounce": 0, 
            "filter": { "categoryBits": 2, "maskBits": 65535 },
            "shape": [   514, 385  ,  552, 305  ,  524, 430  ]
        } ,
        {
            "density": 2, "friction": 0, "bounce": 0, 
            "filter": { "categoryBits": 2, "maskBits": 65535 },
            "shape": [   417, 391  ,  552, 305  ,  514, 385  ]
        } ,
        {
            "density": 2, "friction": 0, "bounce": 0, 
            "filter": { "categoryBits": 2, "maskBits": 65535 },
            "shape": [   56, 490  ,  417, 391  ,  312, 474  ]
        } ,
        {
            "density": 2, "friction": 0, "bounce": 0, 
            "filter": { "categoryBits": 2, "maskBits": 65535 },
            "shape": [   251, 177  ,  9, 285  ,  200, 149  ]
        } ,
        {
            "density": 2, "friction": 0, "bounce": 0, 
            "filter": { "categoryBits": 2, "maskBits": 65535 },
            "shape": [   489, 214  ,  38, 315  ,  9, 285  ,  251, 177  ]
        } ,
        {
            "density": 2, "friction": 0, "bounce": 0, 
            "filter": { "categoryBits": 2, "maskBits": 65535 },
            "shape": [   1274, 449  ,  1292, 483  ,  1287, 552  ]
        } ,
        {
            "density": 2, "friction": 0, "bounce": 0, 
            "filter": { "categoryBits": 2, "maskBits": 65535 },
            "shape": [   1274, 449  ,  1305, 394  ,  1292, 483  ]
        } ,
        {
            "density": 2, "friction": 0, "bounce": 0, 
            "filter": { "categoryBits": 2, "maskBits": 65535 },
            "shape": [   1262, 436  ,  1305, 394  ,  1274, 449  ]
        } ,
        {
            "density": 2, "friction": 0, "bounce": 0, 
            "filter": { "categoryBits": 2, "maskBits": 65535 },
            "shape": [   1211, 407  ,  1144, 316  ,  1305, 394  ,  1262, 436  ]
        } ,
        {
            "density": 2, "friction": 0, "bounce": 0, 
            "filter": { "categoryBits": 2, "maskBits": 65535 },
            "shape": [   725, 282  ,  786, 187  ,  887, 276  ,  866, 293  ]
        } ,
        {
            "density": 2, "friction": 0, "bounce": 0, 
            "filter": { "categoryBits": 2, "maskBits": 65535 },
            "shape": [   552, 305  ,  786, 187  ,  725, 282  ,  687, 298  ,  650, 310  ]
        } ,
        {
            "density": 2, "friction": 0, "bounce": 0, 
            "filter": { "categoryBits": 2, "maskBits": 65535 },
            "shape": [   56, 490  ,  74, 468  ,  552, 305  ,  417, 391  ]
        } ,
        {
            "density": 2, "friction": 0, "bounce": 0, 
            "filter": { "categoryBits": 2, "maskBits": 65535 },
            "shape": [   1134, 305  ,  1012, 279  ,  786, 187  ,  1130, 61  ]
        } ,
        {
            "density": 2, "friction": 0, "bounce": 0, 
            "filter": { "categoryBits": 2, "maskBits": 65535 },
            "shape": [   887, 276  ,  786, 187  ,  1012, 279  ]
        } ,
        {
            "density": 2, "friction": 0, "bounce": 0, 
            "filter": { "categoryBits": 1, "maskBits": 65535 },
            "shape": [   571, 53  ,  571, 13  ,  611, 13  ]
        } ,
        {
            "density": 2, "friction": 0, "bounce": 0, 
            "filter": { "categoryBits": 2, "maskBits": 65535 },
            "shape": [   729, 1  ,  677, 112  ,  625, 116  ,  571, 109  ,  567, 4  ]
        } ,
        {
            "density": 2, "friction": 0, "bounce": 0, 
            "filter": { "categoryBits": 2, "maskBits": 65535 },
            "shape": [   705, 121  ,  677, 112  ,  729, 1  ,  761, 7  ,  768, 93  ]
        }
    ]
    , 
    "platform3": [
        
        {
            "density": 2, "friction": 0, "bounce": 0, 
            "filter": { "categoryBits": 4, "maskBits": 65535 },
            "shape": [   89, 401  ,  240, 392  ,  370, 492  ,  63, 544  ,  1, 451  ]
        } ,
        {
            "density": 2, "friction": 0, "bounce": 0, 
            "filter": { "categoryBits": 4, "maskBits": 65535 },
            "shape": [   279, 549  ,  370, 492  ,  352, 563  ]
        } ,
        {
            "density": 2, "friction": 0, "bounce": 0, 
            "filter": { "categoryBits": 4, "maskBits": 65535 },
            "shape": [   741, 677  ,  766, 672  ,  748, 695  ]
        } ,
        {
            "density": 2, "friction": 0, "bounce": 0, 
            "filter": { "categoryBits": 4, "maskBits": 65535 },
            "shape": [   1058, 840  ,  1171, 820  ,  1154, 836  ,  1084, 862  ,  1038, 861  ]
        } ,
        {
            "density": 2, "friction": 0, "bounce": 0, 
            "filter": { "categoryBits": 4, "maskBits": 65535 },
            "shape": [   522, 531  ,  565, 540  ,  541, 554  ]
        } ,
        {
            "density": 2, "friction": 0, "bounce": 0, 
            "filter": { "categoryBits": 4, "maskBits": 65535 },
            "shape": [   766, 672  ,  814, 747  ,  755, 723  ]
        } ,
        {
            "density": 2, "friction": 0, "bounce": 0, 
            "filter": { "categoryBits": 4, "maskBits": 65535 },
            "shape": [   232, 741  ,  256, 730  ,  237, 772  ]
        } ,
        {
            "density": 2, "friction": 0, "bounce": 0, 
            "filter": { "categoryBits": 4, "maskBits": 65535 },
            "shape": [   1171, 820  ,  1174, 691  ,  1197, 797  ,  1179, 854  ]
        } ,
        {
            "density": 2, "friction": 0, "bounce": 0, 
            "filter": { "categoryBits": 4, "maskBits": 65535 },
            "shape": [   1186, 584  ,  1107, 543  ,  1223, 543  ,  1221, 573  ]
        } ,
        {
            "density": 2, "friction": 0, "bounce": 0, 
            "filter": { "categoryBits": 4, "maskBits": 65535 },
            "shape": [   1174, 691  ,  813, 513  ,  1107, 543  ,  1186, 584  ,  1211, 635  ]
        } ,
        {
            "density": 2, "friction": 0, "bounce": 0, 
            "filter": { "categoryBits": 4, "maskBits": 65535 },
            "shape": [   115, 665  ,  250, 633  ,  256, 730  ,  214, 733  ,  151, 730  ]
        } ,
        {
            "density": 2, "friction": 0, "bounce": 0, 
            "filter": { "categoryBits": 4, "maskBits": 65535 },
            "shape": [   43, 563  ,  279, 549  ,  280, 603  ,  250, 633  ,  115, 665  ,  49, 628  ]
        } ,
        {
            "density": 2, "friction": 0, "bounce": 0, 
            "filter": { "categoryBits": 4, "maskBits": 65535 },
            "shape": [   814, 747  ,  842, 778  ,  836, 807  ]
        } ,
        {
            "density": 2, "friction": 0, "bounce": 0, 
            "filter": { "categoryBits": 4, "maskBits": 65535 },
            "shape": [   961, 815  ,  1045, 833  ,  956, 843  ]
        } ,
        {
            "density": 2, "friction": 0, "bounce": 0, 
            "filter": { "categoryBits": 4, "maskBits": 65535 },
            "shape": [   722, 659  ,  741, 677  ,  735, 729  ]
        } ,
        {
            "density": 2, "friction": 0, "bounce": 0, 
            "filter": { "categoryBits": 4, "maskBits": 65535 },
            "shape": [   722, 659  ,  766, 672  ,  741, 677  ]
        } ,
        {
            "density": 2, "friction": 0, "bounce": 0, 
            "filter": { "categoryBits": 4, "maskBits": 65535 },
            "shape": [   1154, 836  ,  1171, 820  ,  1165, 893  ]
        } ,
        {
            "density": 2, "friction": 0, "bounce": 0, 
            "filter": { "categoryBits": 4, "maskBits": 65535 },
            "shape": [   565, 540  ,  644, 597  ,  574, 569  ]
        } ,
        {
            "density": 2, "friction": 0, "bounce": 0, 
            "filter": { "categoryBits": 4, "maskBits": 65535 },
            "shape": [   1171, 820  ,  1058, 840  ,  766, 672  ,  565, 540  ,  813, 513  ,  1174, 691  ]
        } ,
        {
            "density": 2, "friction": 0, "bounce": 0, 
            "filter": { "categoryBits": 4, "maskBits": 65535 },
            "shape": [   214, 733  ,  232, 741  ,  222, 816  ]
        } ,
        {
            "density": 2, "friction": 0, "bounce": 0, 
            "filter": { "categoryBits": 4, "maskBits": 65535 },
            "shape": [   214, 733  ,  256, 730  ,  232, 741  ]
        } ,
        {
            "density": 2, "friction": 0, "bounce": 0, 
            "filter": { "categoryBits": 4, "maskBits": 65535 },
            "shape": [   842, 778  ,  859, 767  ,  851, 848  ]
        } ,
        {
            "density": 2, "friction": 0, "bounce": 0, 
            "filter": { "categoryBits": 4, "maskBits": 65535 },
            "shape": [   814, 747  ,  766, 672  ,  859, 767  ,  842, 778  ]
        } ,
        {
            "density": 2, "friction": 0, "bounce": 0, 
            "filter": { "categoryBits": 4, "maskBits": 65535 },
            "shape": [   766, 672  ,  1045, 833  ,  892, 800  ]
        } ,
        {
            "density": 2, "friction": 0, "bounce": 0, 
            "filter": { "categoryBits": 4, "maskBits": 65535 },
            "shape": [   644, 597  ,  722, 659  ,  718, 681  ]
        } ,
        {
            "density": 2, "friction": 0, "bounce": 0, 
            "filter": { "categoryBits": 4, "maskBits": 65535 },
            "shape": [   370, 492  ,  522, 531  ,  387, 519  ]
        } ,
        {
            "density": 2, "friction": 0, "bounce": 0, 
            "filter": { "categoryBits": 4, "maskBits": 65535 },
            "shape": [   43, 563  ,  63, 544  ,  370, 492  ,  279, 549  ]
        } ,
        {
            "density": 2, "friction": 0, "bounce": 0, 
            "filter": { "categoryBits": 4, "maskBits": 65535 },
            "shape": [   644, 597  ,  766, 672  ,  722, 659  ]
        } ,
        {
            "density": 2, "friction": 0, "bounce": 0, 
            "filter": { "categoryBits": 4, "maskBits": 65535 },
            "shape": [   240, 392  ,  813, 513  ,  565, 540  ,  522, 531  ,  370, 492  ]
        } ,
        {
            "density": 2, "friction": 0, "bounce": 0, 
            "filter": { "categoryBits": 4, "maskBits": 65535 },
            "shape": [   565, 540  ,  766, 672  ,  644, 597  ]
        } ,
        {
            "density": 2, "friction": 0, "bounce": 0, 
            "filter": { "categoryBits": 4, "maskBits": 65535 },
            "shape": [   173, 8  ,  285, 1  ,  231, 67  ,  173, 82  ,  121, 36  ]
        } ,
        {
            "density": 2, "friction": 0, "bounce": 0, 
            "filter": { "categoryBits": 4, "maskBits": 65535 },
            "shape": [   454, 223  ,  495, 226  ,  460, 259  ]
        } ,
        {
            "density": 2, "friction": 0, "bounce": 0, 
            "filter": { "categoryBits": 4, "maskBits": 65535 },
            "shape": [   981, 245  ,  729, 33  ,  1002, 217  ,  1022, 238  ]
        } ,
        {
            "density": 2, "friction": 0, "bounce": 0, 
            "filter": { "categoryBits": 4, "maskBits": 65535 },
            "shape": [   920, 375  ,  970, 397  ,  951, 429  ]
        } ,
        {
            "density": 2, "friction": 0, "bounce": 0, 
            "filter": { "categoryBits": 4, "maskBits": 65535 },
            "shape": [   285, 1  ,  608, 33  ,  329, 139  ,  231, 67  ]
        } ,
        {
            "density": 2, "friction": 0, "bounce": 0, 
            "filter": { "categoryBits": 4, "maskBits": 65535 },
            "shape": [   842, 417  ,  810, 374  ,  920, 375  ,  893, 423  ]
        } ,
        {
            "density": 2, "friction": 0, "bounce": 0, 
            "filter": { "categoryBits": 4, "maskBits": 65535 },
            "shape": [   1004, 427  ,  984, 436  ,  970, 402  ]
        } ,
        {
            "density": 2, "friction": 0, "bounce": 0, 
            "filter": { "categoryBits": 4, "maskBits": 65535 },
            "shape": [   1020, 317  ,  1068, 349  ,  1094, 404  ,  1002, 337  ,  993, 326  ]
        } ,
        {
            "density": 2, "friction": 0, "bounce": 0, 
            "filter": { "categoryBits": 4, "maskBits": 65535 },
            "shape": [   1211, 206  ,  1220, 197  ,  1217, 225  ]
        } ,
        {
            "density": 2, "friction": 0, "bounce": 0, 
            "filter": { "categoryBits": 4, "maskBits": 65535 },
            "shape": [   745, 393  ,  669, 341  ,  810, 374  ,  794, 399  ]
        } ,
        {
            "density": 2, "friction": 0, "bounce": 0, 
            "filter": { "categoryBits": 4, "maskBits": 65535 },
            "shape": [   984, 436  ,  1004, 427  ,  1094, 404  ,  1088, 444  ]
        } ,
        {
            "density": 2, "friction": 0, "bounce": 0, 
            "filter": { "categoryBits": 4, "maskBits": 65535 },
            "shape": [   1220, 197  ,  1245, 117  ,  1260, 167  ,  1231, 288  ]
        } ,
        {
            "density": 2, "friction": 0, "bounce": 0, 
            "filter": { "categoryBits": 4, "maskBits": 65535 },
            "shape": [   1220, 197  ,  1211, 206  ,  1031, 38  ,  1200, 81  ,  1245, 117  ]
        } ,
        {
            "density": 2, "friction": 0, "bounce": 0, 
            "filter": { "categoryBits": 4, "maskBits": 65535 },
            "shape": [   1003, 267  ,  981, 245  ,  1035, 270  ]
        } ,
        {
            "density": 2, "friction": 0, "bounce": 0, 
            "filter": { "categoryBits": 4, "maskBits": 65535 },
            "shape": [   976, 328  ,  495, 226  ,  438, 201  ,  427, 194  ,  351, 134  ,  729, 33  ,  981, 245  ,  1003, 267  ]
        } ,
        {
            "density": 2, "friction": 0, "bounce": 0, 
            "filter": { "categoryBits": 4, "maskBits": 65535 },
            "shape": [   427, 194  ,  438, 201  ,  435, 229  ]
        } ,
        {
            "density": 2, "friction": 0, "bounce": 0, 
            "filter": { "categoryBits": 4, "maskBits": 65535 },
            "shape": [   1025, 200  ,  729, 33  ,  1031, 38  ,  1175, 174  ,  1087, 222  ]
        } ,
        {
            "density": 2, "friction": 0, "bounce": 0, 
            "filter": { "categoryBits": 4, "maskBits": 65535 },
            "shape": [   920, 375  ,  1017, 384  ,  970, 397  ]
        } ,
        {
            "density": 2, "friction": 0, "bounce": 0, 
            "filter": { "categoryBits": 4, "maskBits": 65535 },
            "shape": [   602, 310  ,  669, 341  ,  601, 333  ]
        } ,
        {
            "density": 2, "friction": 0, "bounce": 0, 
            "filter": { "categoryBits": 4, "maskBits": 65535 },
            "shape": [   1177, 202  ,  1211, 206  ,  1149, 213  ]
        } ,
        {
            "density": 2, "friction": 0, "bounce": 0, 
            "filter": { "categoryBits": 4, "maskBits": 65535 },
            "shape": [   1175, 174  ,  1211, 206  ,  1177, 202  ]
        } ,
        {
            "density": 2, "friction": 0, "bounce": 0, 
            "filter": { "categoryBits": 4, "maskBits": 65535 },
            "shape": [   438, 201  ,  454, 223  ,  449, 293  ]
        } ,
        {
            "density": 2, "friction": 0, "bounce": 0, 
            "filter": { "categoryBits": 4, "maskBits": 65535 },
            "shape": [   438, 201  ,  495, 226  ,  454, 223  ]
        } ,
        {
            "density": 2, "friction": 0, "bounce": 0, 
            "filter": { "categoryBits": 4, "maskBits": 65535 },
            "shape": [   351, 134  ,  427, 194  ,  424, 213  ]
        } ,
        {
            "density": 2, "friction": 0, "bounce": 0, 
            "filter": { "categoryBits": 4, "maskBits": 65535 },
            "shape": [   729, 33  ,  351, 134  ,  329, 139  ,  608, 33  ]
        } ,
        {
            "density": 2, "friction": 0, "bounce": 0, 
            "filter": { "categoryBits": 4, "maskBits": 65535 },
            "shape": [   669, 341  ,  602, 310  ,  495, 226  ,  920, 375  ,  810, 374  ]
        } ,
        {
            "density": 2, "friction": 0, "bounce": 0, 
            "filter": { "categoryBits": 4, "maskBits": 65535 },
            "shape": [   1002, 217  ,  729, 33  ,  1025, 200  ]
        } ,
        {
            "density": 2, "friction": 0, "bounce": 0, 
            "filter": { "categoryBits": 4, "maskBits": 65535 },
            "shape": [   1094, 404  ,  1017, 384  ,  495, 226  ,  976, 328  ,  1002, 337  ]
        } ,
        {
            "density": 2, "friction": 0, "bounce": 0, 
            "filter": { "categoryBits": 4, "maskBits": 65535 },
            "shape": [   495, 226  ,  1017, 384  ,  920, 375  ]
        } ,
        {
            "density": 2, "friction": 0, "bounce": 0, 
            "filter": { "categoryBits": 4, "maskBits": 65535 },
            "shape": [   1028, 410  ,  1094, 404  ,  1004, 427  ]
        } ,
        {
            "density": 2, "friction": 0, "bounce": 0, 
            "filter": { "categoryBits": 4, "maskBits": 65535 },
            "shape": [   1017, 384  ,  1094, 404  ,  1028, 410  ]
        }
    ]
    , 
    "unicorn": [
        
        {
            "density": 2, "friction": 0, "bounce": 0, 
            "filter": { "categoryBits": 8, "maskBits": 65535 },
            "shape": [   156, 47  ,  111, 85  ,  93, 85  ,  42, 48  ,  42, 30  ,  156, 27  ]
        }
    ]
    , 
    "platform4": [
        
        {
            "density": 2, "friction": 0, "bounce": 0, 
            "filter": { "categoryBits": 16, "maskBits": 65535 },
            "shape": [   1026, 136  ,  1077, 131  ,  1058, 190  ]
        } ,
        {
            "density": 2, "friction": 0, "bounce": 0, 
            "filter": { "categoryBits": 16, "maskBits": 65535 },
            "shape": [   622, 224  ,  657, 220  ,  652, 246  ]
        } ,
        {
            "density": 2, "friction": 0, "bounce": 0, 
            "filter": { "categoryBits": 16, "maskBits": 65535 },
            "shape": [   743, 201  ,  776, 198  ,  773, 223  ]
        } ,
        {
            "density": 2, "friction": 0, "bounce": 0, 
            "filter": { "categoryBits": 16, "maskBits": 65535 },
            "shape": [   705, 245  ,  657, 220  ,  743, 201  ,  754, 237  ]
        } ,
        {
            "density": 2, "friction": 0, "bounce": 0, 
            "filter": { "categoryBits": 16, "maskBits": 65535 },
            "shape": [   145, 319  ,  350, 328  ,  190, 360  ,  148, 358  ]
        } ,
        {
            "density": 2, "friction": 0, "bounce": 0, 
            "filter": { "categoryBits": 16, "maskBits": 65535 },
            "shape": [   1339, 93  ,  1465, 33  ,  1383, 157  ]
        } ,
        {
            "density": 2, "friction": 0, "bounce": 0, 
            "filter": { "categoryBits": 16, "maskBits": 65535 },
            "shape": [   1339, 93  ,  1308, 96  ,  1140, 91  ,  929, 1  ,  1242, 1  ,  1465, 33  ]
        } ,
        {
            "density": 2, "friction": 0, "bounce": 0, 
            "filter": { "categoryBits": 16, "maskBits": 65535 },
            "shape": [   402, 286  ,  425, 263  ,  414, 302  ]
        } ,
        {
            "density": 2, "friction": 0, "bounce": 0, 
            "filter": { "categoryBits": 16, "maskBits": 65535 },
            "shape": [   116, 220  ,  71, 167  ,  402, 286  ,  395, 347  ]
        } ,
        {
            "density": 2, "friction": 0, "bounce": 0, 
            "filter": { "categoryBits": 16, "maskBits": 65535 },
            "shape": [   776, 198  ,  838, 161  ,  826, 195  ]
        } ,
        {
            "density": 2, "friction": 0, "bounce": 0, 
            "filter": { "categoryBits": 16, "maskBits": 65535 },
            "shape": [   838, 161  ,  890, 152  ,  850, 266  ]
        } ,
        {
            "density": 2, "friction": 0, "bounce": 0, 
            "filter": { "categoryBits": 16, "maskBits": 65535 },
            "shape": [   215, 28  ,  929, 1  ,  1140, 91  ,  1003, 139  ,  992, 141  ,  71, 167  ,  25, 166  ,  6, 71  ]
        } ,
        {
            "density": 2, "friction": 0, "bounce": 0, 
            "filter": { "categoryBits": 16, "maskBits": 65535 },
            "shape": [   1287, 116  ,  1308, 96  ,  1296, 156  ]
        } ,
        {
            "density": 2, "friction": 0, "bounce": 0, 
            "filter": { "categoryBits": 16, "maskBits": 65535 },
            "shape": [   190, 360  ,  229, 409  ,  225, 476  ]
        } ,
        {
            "density": 2, "friction": 0, "bounce": 0, 
            "filter": { "categoryBits": 16, "maskBits": 65535 },
            "shape": [   190, 360  ,  350, 328  ,  276, 407  ,  229, 409  ]
        } ,
        {
            "density": 2, "friction": 0, "bounce": 0, 
            "filter": { "categoryBits": 16, "maskBits": 65535 },
            "shape": [   578, 246  ,  462, 198  ,  622, 224  ,  631, 240  ]
        } ,
        {
            "density": 2, "friction": 0, "bounce": 0, 
            "filter": { "categoryBits": 16, "maskBits": 65535 },
            "shape": [   116, 220  ,  350, 328  ,  145, 319  ,  113, 310  ]
        } ,
        {
            "density": 2, "friction": 0, "bounce": 0, 
            "filter": { "categoryBits": 16, "maskBits": 65535 },
            "shape": [   71, 167  ,  116, 220  ,  97, 227  ]
        } ,
        {
            "density": 2, "friction": 0, "bounce": 0, 
            "filter": { "categoryBits": 16, "maskBits": 65535 },
            "shape": [   350, 328  ,  368, 336  ,  363, 400  ]
        } ,
        {
            "density": 2, "friction": 0, "bounce": 0, 
            "filter": { "categoryBits": 16, "maskBits": 65535 },
            "shape": [   992, 141  ,  1003, 139  ,  1000, 183  ]
        } ,
        {
            "density": 2, "friction": 0, "bounce": 0, 
            "filter": { "categoryBits": 16, "maskBits": 65535 },
            "shape": [   1026, 136  ,  1140, 91  ,  1077, 131  ]
        } ,
        {
            "density": 2, "friction": 0, "bounce": 0, 
            "filter": { "categoryBits": 16, "maskBits": 65535 },
            "shape": [   890, 152  ,  992, 141  ,  894, 170  ]
        } ,
        {
            "density": 2, "friction": 0, "bounce": 0, 
            "filter": { "categoryBits": 16, "maskBits": 65535 },
            "shape": [   425, 263  ,  462, 198  ,  432, 280  ]
        } ,
        {
            "density": 2, "friction": 0, "bounce": 0, 
            "filter": { "categoryBits": 16, "maskBits": 65535 },
            "shape": [   743, 201  ,  838, 161  ,  776, 198  ]
        } ,
        {
            "density": 2, "friction": 0, "bounce": 0, 
            "filter": { "categoryBits": 16, "maskBits": 65535 },
            "shape": [   1140, 91  ,  1308, 96  ,  1287, 116  ]
        } ,
        {
            "density": 2, "friction": 0, "bounce": 0, 
            "filter": { "categoryBits": 16, "maskBits": 65535 },
            "shape": [   657, 220  ,  622, 224  ,  462, 198  ,  838, 161  ,  743, 201  ]
        } ,
        {
            "density": 2, "friction": 0, "bounce": 0, 
            "filter": { "categoryBits": 16, "maskBits": 65535 },
            "shape": [   402, 286  ,  71, 167  ,  462, 198  ,  425, 263  ]
        } ,
        {
            "density": 2, "friction": 0, "bounce": 0, 
            "filter": { "categoryBits": 16, "maskBits": 65535 },
            "shape": [   71, 167  ,  890, 152  ,  838, 161  ,  462, 198  ]
        } ,
        {
            "density": 2, "friction": 0, "bounce": 0, 
            "filter": { "categoryBits": 16, "maskBits": 65535 },
            "shape": [   1003, 139  ,  1140, 91  ,  1026, 136  ]
        } ,
        {
            "density": 2, "friction": 0, "bounce": 0, 
            "filter": { "categoryBits": 16, "maskBits": 65535 },
            "shape": [   71, 167  ,  992, 141  ,  890, 152  ]
        } ,
        {
            "density": 2, "friction": 0, "bounce": 0, 
            "filter": { "categoryBits": 1, "maskBits": 65535 },
            "shape": [   932, 879  ,  965, 828  ,  1009, 874  ]
        } ,
        {
            "density": 2, "friction": 0, "bounce": 0, 
            "filter": { "categoryBits": 1, "maskBits": 65535 },
            "shape": [   337, 837  ,  373, 736  ,  391, 835  ,  371, 901  ]
        } ,
        {
            "density": 2, "friction": 0, "bounce": 0, 
            "filter": { "categoryBits": 1, "maskBits": 65535 },
            "shape": [   1378, 727  ,  1403, 717  ,  1385, 751  ]
        } ,
        {
            "density": 2, "friction": 0, "bounce": 0, 
            "filter": { "categoryBits": 1, "maskBits": 65535 },
            "shape": [   1040, 768  ,  1059, 769  ,  1056, 795  ]
        } ,
        {
            "density": 2, "friction": 0, "bounce": 0, 
            "filter": { "categoryBits": 1, "maskBits": 65535 },
            "shape": [   1403, 717  ,  1476, 725  ,  1414, 760  ]
        } ,
        {
            "density": 2, "friction": 0, "bounce": 0, 
            "filter": { "categoryBits": 1, "maskBits": 65535 },
            "shape": [   695, 983  ,  714, 992  ,  712, 1013  ]
        } ,
        {
            "density": 2, "friction": 0, "bounce": 0, 
            "filter": { "categoryBits": 1, "maskBits": 65535 },
            "shape": [   857, 948  ,  819, 912  ,  932, 879  ,  930, 937  ]
        } ,
        {
            "density": 2, "friction": 0, "bounce": 0, 
            "filter": { "categoryBits": 1, "maskBits": 65535 },
            "shape": [   1577, 714  ,  1534, 707  ,  1237, 582  ,  1301, 581  ,  1505, 608  ,  1658, 673  ]
        } ,
        {
            "density": 2, "friction": 0, "bounce": 0, 
            "filter": { "categoryBits": 1, "maskBits": 65535 },
            "shape": [   271, 874  ,  279, 796  ,  373, 736  ,  337, 837  ,  294, 918  ]
        } ,
        {
            "density": 2, "friction": 0, "bounce": 0, 
            "filter": { "categoryBits": 1, "maskBits": 65535 },
            "shape": [   520, 876  ,  1040, 768  ,  1033, 819  ]
        } ,
        {
            "density": 2, "friction": 0, "bounce": 0, 
            "filter": { "categoryBits": 1, "maskBits": 65535 },
            "shape": [   1476, 725  ,  1534, 707  ,  1483, 757  ]
        } ,
        {
            "density": 2, "friction": 0, "bounce": 0, 
            "filter": { "categoryBits": 1, "maskBits": 65535 },
            "shape": [   632, 987  ,  504, 912  ,  520, 876  ,  677, 989  ,  671, 1008  ]
        } ,
        {
            "density": 2, "friction": 0, "bounce": 0, 
            "filter": { "categoryBits": 1, "maskBits": 65535 },
            "shape": [   1347, 719  ,  1378, 727  ,  1370, 790  ]
        } ,
        {
            "density": 2, "friction": 0, "bounce": 0, 
            "filter": { "categoryBits": 1, "maskBits": 65535 },
            "shape": [   1199, 715  ,  1237, 582  ,  1223, 719  ,  1203, 776  ]
        } ,
        {
            "density": 2, "friction": 0, "bounce": 0, 
            "filter": { "categoryBits": 1, "maskBits": 65535 },
            "shape": [   565, 985  ,  504, 912  ,  632, 987  ,  644, 1021  ]
        } ,
        {
            "density": 2, "friction": 0, "bounce": 0, 
            "filter": { "categoryBits": 1, "maskBits": 65535 },
            "shape": [   373, 736  ,  921, 610  ,  1237, 582  ,  520, 876  ,  468, 890  ,  391, 835  ]
        } ,
        {
            "density": 2, "friction": 0, "bounce": 0, 
            "filter": { "categoryBits": 1, "maskBits": 65535 },
            "shape": [   729, 1020  ,  759, 975  ,  738, 1056  ]
        } ,
        {
            "density": 2, "friction": 0, "bounce": 0, 
            "filter": { "categoryBits": 1, "maskBits": 65535 },
            "shape": [   1347, 719  ,  1237, 582  ,  1403, 717  ,  1378, 727  ]
        } ,
        {
            "density": 2, "friction": 0, "bounce": 0, 
            "filter": { "categoryBits": 1, "maskBits": 65535 },
            "shape": [   677, 989  ,  695, 983  ,  687, 1052  ]
        } ,
        {
            "density": 2, "friction": 0, "bounce": 0, 
            "filter": { "categoryBits": 1, "maskBits": 65535 },
            "shape": [   819, 912  ,  520, 876  ,  965, 828  ,  932, 879  ]
        } ,
        {
            "density": 2, "friction": 0, "bounce": 0, 
            "filter": { "categoryBits": 1, "maskBits": 65535 },
            "shape": [   1059, 769  ,  1075, 810  ,  1066, 869  ]
        } ,
        {
            "density": 2, "friction": 0, "bounce": 0, 
            "filter": { "categoryBits": 1, "maskBits": 65535 },
            "shape": [   1403, 717  ,  1237, 582  ,  1534, 707  ,  1476, 725  ]
        } ,
        {
            "density": 2, "friction": 0, "bounce": 0, 
            "filter": { "categoryBits": 1, "maskBits": 65535 },
            "shape": [   714, 992  ,  729, 1020  ,  718, 1104  ]
        } ,
        {
            "density": 2, "friction": 0, "bounce": 0, 
            "filter": { "categoryBits": 1, "maskBits": 65535 },
            "shape": [   714, 992  ,  759, 975  ,  729, 1020  ]
        } ,
        {
            "density": 2, "friction": 0, "bounce": 0, 
            "filter": { "categoryBits": 1, "maskBits": 65535 },
            "shape": [   695, 983  ,  520, 876  ,  819, 912  ,  759, 975  ,  714, 992  ]
        } ,
        {
            "density": 2, "friction": 0, "bounce": 0, 
            "filter": { "categoryBits": 1, "maskBits": 65535 },
            "shape": [   1075, 810  ,  1059, 769  ,  1159, 709  ,  1085, 830  ]
        } ,
        {
            "density": 2, "friction": 0, "bounce": 0, 
            "filter": { "categoryBits": 1, "maskBits": 65535 },
            "shape": [   1040, 768  ,  1159, 709  ,  1059, 769  ]
        } ,
        {
            "density": 2, "friction": 0, "bounce": 0, 
            "filter": { "categoryBits": 1, "maskBits": 65535 },
            "shape": [   520, 876  ,  695, 983  ,  677, 989  ]
        } ,
        {
            "density": 2, "friction": 0, "bounce": 0, 
            "filter": { "categoryBits": 1, "maskBits": 65535 },
            "shape": [   520, 876  ,  1237, 582  ,  1159, 709  ,  1040, 768  ]
        } ,
        {
            "density": 2, "friction": 0, "bounce": 0, 
            "filter": { "categoryBits": 1, "maskBits": 65535 },
            "shape": [   1223, 719  ,  1237, 582  ,  1347, 719  ]
        } ,
        {
            "density": 2, "friction": 0, "bounce": 0, 
            "filter": { "categoryBits": 1, "maskBits": 65535 },
            "shape": [   1159, 709  ,  1237, 582  ,  1199, 715  ]
        }
    ]
    , 
    "platform5": [
        
        {
            "density": 2, "friction": 0, "bounce": 0, 
            "filter": { "categoryBits": 32, "maskBits": 65535 },
            "shape": [   1408, 172  ,  1347, 178  ,  1277, 160  ,  1097, 36  ,  1283, 1  ,  1328, 1  ,  1504, 31  ]
        } ,
        {
            "density": 2, "friction": 0, "bounce": 0, 
            "filter": { "categoryBits": 32, "maskBits": 65535 },
            "shape": [   1097, 36  ,  1110, 139  ,  1090, 163  ,  1016, 160  ,  1007, 54  ]
        } ,
        {
            "density": 2, "friction": 0, "bounce": 0, 
            "filter": { "categoryBits": 32, "maskBits": 65535 },
            "shape": [   1110, 139  ,  1097, 36  ,  1268, 160  ,  1144, 172  ]
        } ,
        {
            "density": 2, "friction": 0, "bounce": 0, 
            "filter": { "categoryBits": 32, "maskBits": 65535 },
            "shape": [   1097, 36  ,  1277, 160  ,  1268, 160  ]
        } ,
        {
            "density": 2, "friction": 0, "bounce": 0, 
            "filter": { "categoryBits": 32, "maskBits": 65535 },
            "shape": [   1008, 424  ,  1046, 427  ,  1040, 470  ]
        } ,
        {
            "density": 2, "friction": 0, "bounce": 0, 
            "filter": { "categoryBits": 32, "maskBits": 65535 },
            "shape": [   32, 313  ,  35, 250  ,  59, 117  ,  73, 327  ,  62, 364  ]
        } ,
        {
            "density": 2, "friction": 0, "bounce": 0, 
            "filter": { "categoryBits": 32, "maskBits": 65535 },
            "shape": [   855, 537  ,  816, 500  ,  979, 429  ,  963, 533  ]
        } ,
        {
            "density": 2, "friction": 0, "bounce": 0, 
            "filter": { "categoryBits": 32, "maskBits": 65535 },
            "shape": [   86, 375  ,  332, 458  ,  317, 494  ,  131, 448  ,  80, 430  ]
        } ,
        {
            "density": 2, "friction": 0, "bounce": 0, 
            "filter": { "categoryBits": 32, "maskBits": 65535 },
            "shape": [   332, 458  ,  351, 448  ,  336, 481  ]
        } ,
        {
            "density": 2, "friction": 0, "bounce": 0, 
            "filter": { "categoryBits": 32, "maskBits": 65535 },
            "shape": [   1372, 393  ,  1403, 376  ,  1380, 435  ]
        } ,
        {
            "density": 2, "friction": 0, "bounce": 0, 
            "filter": { "categoryBits": 32, "maskBits": 65535 },
            "shape": [   1, 78  ,  258, 83  ,  59, 117  ,  11, 114  ]
        } ,
        {
            "density": 2, "friction": 0, "bounce": 0, 
            "filter": { "categoryBits": 32, "maskBits": 65535 },
            "shape": [   1257, 402  ,  1094, 288  ,  1301, 391  ,  1311, 411  ]
        } ,
        {
            "density": 2, "friction": 0, "bounce": 0, 
            "filter": { "categoryBits": 32, "maskBits": 65535 },
            "shape": [   202, 622  ,  131, 448  ,  267, 523  ,  261, 582  ]
        } ,
        {
            "density": 2, "friction": 0, "bounce": 0, 
            "filter": { "categoryBits": 32, "maskBits": 65535 },
            "shape": [   631, 593  ,  568, 370  ,  816, 500  ,  751, 583  ]
        } ,
        {
            "density": 2, "friction": 0, "bounce": 0, 
            "filter": { "categoryBits": 32, "maskBits": 65535 },
            "shape": [   464, 389  ,  610, 270  ,  568, 370  ,  547, 400  ]
        } ,
        {
            "density": 2, "friction": 0, "bounce": 0, 
            "filter": { "categoryBits": 32, "maskBits": 65535 },
            "shape": [   1403, 376  ,  1299, 288  ,  1464, 279  ,  1490, 301  ]
        } ,
        {
            "density": 2, "friction": 0, "bounce": 0, 
            "filter": { "categoryBits": 32, "maskBits": 65535 },
            "shape": [   1213, 430  ,  1046, 427  ,  1008, 424  ,  610, 270  ,  1094, 288  ,  1257, 402  ,  1271, 414  ]
        } ,
        {
            "density": 2, "friction": 0, "bounce": 0, 
            "filter": { "categoryBits": 32, "maskBits": 65535 },
            "shape": [   1301, 391  ,  1372, 393  ,  1365, 412  ]
        } ,
        {
            "density": 2, "friction": 0, "bounce": 0, 
            "filter": { "categoryBits": 32, "maskBits": 65535 },
            "shape": [   59, 117  ,  35, 250  ,  5, 250  ,  17, 128  ]
        } ,
        {
            "density": 2, "friction": 0, "bounce": 0, 
            "filter": { "categoryBits": 32, "maskBits": 65535 },
            "shape": [   1403, 376  ,  1372, 393  ,  1301, 391  ,  1094, 288  ,  1299, 288  ]
        } ,
        {
            "density": 2, "friction": 0, "bounce": 0, 
            "filter": { "categoryBits": 32, "maskBits": 65535 },
            "shape": [   317, 494  ,  332, 458  ,  323, 532  ]
        } ,
        {
            "density": 2, "friction": 0, "bounce": 0, 
            "filter": { "categoryBits": 32, "maskBits": 65535 },
            "shape": [   131, 448  ,  317, 494  ,  267, 523  ]
        } ,
        {
            "density": 2, "friction": 0, "bounce": 0, 
            "filter": { "categoryBits": 32, "maskBits": 65535 },
            "shape": [   258, 83  ,  610, 270  ,  351, 448  ,  332, 458  ,  86, 375  ,  73, 327  ,  59, 117  ]
        } ,
        {
            "density": 2, "friction": 0, "bounce": 0, 
            "filter": { "categoryBits": 32, "maskBits": 65535 },
            "shape": [   568, 370  ,  631, 593  ,  613, 624  ]
        } ,
        {
            "density": 2, "friction": 0, "bounce": 0, 
            "filter": { "categoryBits": 32, "maskBits": 65535 },
            "shape": [   568, 370  ,  610, 270  ,  979, 429  ,  816, 500  ]
        } ,
        {
            "density": 2, "friction": 0, "bounce": 0, 
            "filter": { "categoryBits": 32, "maskBits": 65535 },
            "shape": [   979, 429  ,  610, 270  ,  1008, 424  ]
        } ,
        {
            "density": 2, "friction": 0, "bounce": 0, 
            "filter": { "categoryBits": 32, "maskBits": 65535 },
            "shape": [   351, 448  ,  610, 270  ,  464, 389  ]
        }
    ]
    , 
    "platform6": [
        
        {
            "density": 2, "friction": 0, "bounce": 0, 
            "filter": { "categoryBits": 64, "maskBits": 65535 },
            "shape": [   1103, 197  ,  853, 116  ,  1127, 175  ,  1139, 206  ]
        } ,
        {
            "density": 2, "friction": 0, "bounce": 0, 
            "filter": { "categoryBits": 64, "maskBits": 65535 },
            "shape": [   1088, 358  ,  1015, 338  ,  1106, 215  ,  1156, 245  ,  1189, 372  ]
        } ,
        {
            "density": 2, "friction": 0, "bounce": 0, 
            "filter": { "categoryBits": 64, "maskBits": 65535 },
            "shape": [   397, 2  ,  357, 35  ,  310, 3  ]
        } ,
        {
            "density": 2, "friction": 0, "bounce": 0, 
            "filter": { "categoryBits": 64, "maskBits": 65535 },
            "shape": [   1015, 338  ,  1088, 358  ,  1054, 378  ]
        } ,
        {
            "density": 2, "friction": 0, "bounce": 0, 
            "filter": { "categoryBits": 64, "maskBits": 65535 },
            "shape": [   439, 195  ,  397, 2  ,  602, 209  ,  531, 236  ]
        } ,
        {
            "density": 2, "friction": 0, "bounce": 0, 
            "filter": { "categoryBits": 64, "maskBits": 65535 },
            "shape": [   602, 209  ,  691, 268  ,  687, 314  ]
        } ,
        {
            "density": 2, "friction": 0, "bounce": 0, 
            "filter": { "categoryBits": 64, "maskBits": 65535 },
            "shape": [   691, 268  ,  1106, 215  ,  1015, 338  ,  967, 372  ,  814, 363  ]
        } ,
        {
            "density": 2, "friction": 0, "bounce": 0, 
            "filter": { "categoryBits": 64, "maskBits": 65535 },
            "shape": [   397, 2  ,  439, 195  ,  426, 253  ,  357, 35  ]
        } ,
        {
            "density": 2, "friction": 0, "bounce": 0, 
            "filter": { "categoryBits": 64, "maskBits": 65535 },
            "shape": [   853, 116  ,  602, 209  ,  397, 2  ,  707, 32  ]
        } ,
        {
            "density": 2, "friction": 0, "bounce": 0, 
            "filter": { "categoryBits": 64, "maskBits": 65535 },
            "shape": [   602, 209  ,  853, 116  ,  1103, 197  ,  1106, 215  ,  691, 268  ]
        } ,
        {
            "density": 2, "friction": 0, "bounce": 0, 
            "filter": { "categoryBits": 64, "maskBits": 65535 },
            "shape": [   490, 978  ,  441, 943  ,  554, 939  ,  566, 1004  ]
        } ,
        {
            "density": 2, "friction": 0, "bounce": 0, 
            "filter": { "categoryBits": 64, "maskBits": 65535 },
            "shape": [   1092, 554  ,  1133, 514  ,  1142, 555  ]
        } ,
        {
            "density": 2, "friction": 0, "bounce": 0, 
            "filter": { "categoryBits": 64, "maskBits": 65535 },
            "shape": [   1133, 514  ,  1164, 489  ,  1186, 517  ]
        } ,
        {
            "density": 2, "friction": 0, "bounce": 0, 
            "filter": { "categoryBits": 64, "maskBits": 65535 },
            "shape": [   327, 805  ,  393, 743  ,  384, 793  ]
        } ,
        {
            "density": 2, "friction": 0, "bounce": 0, 
            "filter": { "categoryBits": 64, "maskBits": 65535 },
            "shape": [   670, 815  ,  741, 732  ,  687, 916  ]
        } ,
        {
            "density": 2, "friction": 0, "bounce": 0, 
            "filter": { "categoryBits": 64, "maskBits": 65535 },
            "shape": [   870, 630  ,  880, 624  ,  878, 652  ]
        } ,
        {
            "density": 2, "friction": 0, "bounce": 0, 
            "filter": { "categoryBits": 64, "maskBits": 65535 },
            "shape": [   985, 722  ,  1014, 693  ,  991, 774  ]
        } ,
        {
            "density": 2, "friction": 0, "bounce": 0, 
            "filter": { "categoryBits": 64, "maskBits": 65535 },
            "shape": [   408, 1102  ,  308, 1154  ,  256, 1136  ,  397, 953  ,  441, 943  ,  490, 978  ]
        } ,
        {
            "density": 2, "friction": 0, "bounce": 0, 
            "filter": { "categoryBits": 64, "maskBits": 65535 },
            "shape": [   1104, 638  ,  1019, 711  ,  1014, 693  ,  1092, 554  ,  1117, 582  ]
        } ,
        {
            "density": 2, "friction": 0, "bounce": 0, 
            "filter": { "categoryBits": 64, "maskBits": 65535 },
            "shape": [   590, 746  ,  741, 732  ,  670, 815  ,  626, 810  ]
        } ,
        {
            "density": 2, "friction": 0, "bounce": 0, 
            "filter": { "categoryBits": 64, "maskBits": 65535 },
            "shape": [   607, 867  ,  572, 773  ,  590, 746  ,  664, 899  ]
        } ,
        {
            "density": 2, "friction": 0, "bounce": 0, 
            "filter": { "categoryBits": 64, "maskBits": 65535 },
            "shape": [   395, 885  ,  441, 943  ,  397, 953  ,  377, 892  ]
        } ,
        {
            "density": 2, "friction": 0, "bounce": 0, 
            "filter": { "categoryBits": 64, "maskBits": 65535 },
            "shape": [   93, 899  ,  136, 962  ,  129, 1005  ]
        } ,
        {
            "density": 2, "friction": 0, "bounce": 0, 
            "filter": { "categoryBits": 64, "maskBits": 65535 },
            "shape": [   59, 881  ,  73, 892  ,  70, 940  ]
        } ,
        {
            "density": 2, "friction": 0, "bounce": 0, 
            "filter": { "categoryBits": 64, "maskBits": 65535 },
            "shape": [   780, 733  ,  837, 646  ,  790, 779  ]
        } ,
        {
            "density": 2, "friction": 0, "bounce": 0, 
            "filter": { "categoryBits": 64, "maskBits": 65535 },
            "shape": [   741, 732  ,  837, 646  ,  780, 733  ]
        } ,
        {
            "density": 2, "friction": 0, "bounce": 0, 
            "filter": { "categoryBits": 64, "maskBits": 65535 },
            "shape": [   590, 746  ,  584, 709  ,  721, 591  ,  837, 646  ,  741, 732  ]
        } ,
        {
            "density": 2, "friction": 0, "bounce": 0, 
            "filter": { "categoryBits": 64, "maskBits": 65535 },
            "shape": [   1164, 489  ,  1133, 514  ,  880, 624  ,  780, 590  ,  771, 497  ]
        } ,
        {
            "density": 2, "friction": 0, "bounce": 0, 
            "filter": { "categoryBits": 64, "maskBits": 65535 },
            "shape": [   584, 709  ,  590, 746  ,  572, 773  ]
        } ,
        {
            "density": 2, "friction": 0, "bounce": 0, 
            "filter": { "categoryBits": 64, "maskBits": 65535 },
            "shape": [   880, 624  ,  899, 646  ,  896, 725  ]
        } ,
        {
            "density": 2, "friction": 0, "bounce": 0, 
            "filter": { "categoryBits": 64, "maskBits": 65535 },
            "shape": [   66, 582  ,  226, 582  ,  59, 881  ,  41, 890  ,  9, 599  ]
        } ,
        {
            "density": 2, "friction": 0, "bounce": 0, 
            "filter": { "categoryBits": 64, "maskBits": 65535 },
            "shape": [   899, 646  ,  1014, 693  ,  985, 722  ,  963, 729  ]
        } ,
        {
            "density": 2, "friction": 0, "bounce": 0, 
            "filter": { "categoryBits": 64, "maskBits": 65535 },
            "shape": [   59, 881  ,  226, 582  ,  393, 743  ,  327, 805  ,  245, 876  ,  93, 899  ,  73, 892  ]
        } ,
        {
            "density": 2, "friction": 0, "bounce": 0, 
            "filter": { "categoryBits": 64, "maskBits": 65535 },
            "shape": [   174, 1003  ,  245, 876  ,  256, 1136  ,  246, 1157  ]
        } ,
        {
            "density": 2, "friction": 0, "bounce": 0, 
            "filter": { "categoryBits": 64, "maskBits": 65535 },
            "shape": [   256, 1136  ,  245, 876  ,  397, 953  ]
        } ,
        {
            "density": 2, "friction": 0, "bounce": 0, 
            "filter": { "categoryBits": 64, "maskBits": 65535 },
            "shape": [   136, 962  ,  93, 899  ,  245, 876  ,  174, 1003  ]
        } ,
        {
            "density": 2, "friction": 0, "bounce": 0, 
            "filter": { "categoryBits": 64, "maskBits": 65535 },
            "shape": [   880, 624  ,  1092, 554  ,  1014, 693  ,  899, 646  ]
        } ,
        {
            "density": 2, "friction": 0, "bounce": 0, 
            "filter": { "categoryBits": 64, "maskBits": 65535 },
            "shape": [   880, 624  ,  1133, 514  ,  1092, 554  ]
        } ,
        {
            "density": 2, "friction": 0, "bounce": 0, 
            "filter": { "categoryBits": 64, "maskBits": 65535 },
            "shape": [   880, 624  ,  870, 630  ,  837, 646  ,  721, 591  ,  780, 590  ]
        } ,
        {
            "density": 2, "friction": 0, "bounce": 0, 
            "filter": { "categoryBits": 64, "maskBits": 65535 },
            "shape": [   584, 709  ,  393, 743  ,  226, 582  ,  721, 591  ]
        }
    ]
    , 
    "platform7": [
        
        {
            "density": 2, "friction": 0, "bounce": 0, 
            "filter": { "categoryBits": 128, "maskBits": 65535 },
            "shape": [   247, 398  ,  246, 359  ,  278, 376  ]
        } ,
        {
            "density": 2, "friction": 0, "bounce": 0, 
            "filter": { "categoryBits": 128, "maskBits": 65535 },
            "shape": [   65, 257  ,  81, 182  ,  174, 80  ,  134, 243  ,  99, 309  ]
        } ,
        {
            "density": 2, "friction": 0, "bounce": 0, 
            "filter": { "categoryBits": 128, "maskBits": 65535 },
            "shape": [   378, 15  ,  428, 73  ,  331, 78  ,  317, 16  ]
        } ,
        {
            "density": 2, "friction": 0, "bounce": 0, 
            "filter": { "categoryBits": 128, "maskBits": 65535 },
            "shape": [   277, 267  ,  333, 230  ,  322, 294  ]
        } ,
        {
            "density": 2, "friction": 0, "bounce": 0, 
            "filter": { "categoryBits": 128, "maskBits": 65535 },
            "shape": [   624, 195  ,  842, 72  ,  778, 162  ,  663, 211  ,  617, 225  ]
        } ,
        {
            "density": 2, "friction": 0, "bounce": 0, 
            "filter": { "categoryBits": 128, "maskBits": 65535 },
            "shape": [   778, 162  ,  842, 72  ,  831, 165  ,  797, 238  ]
        } ,
        {
            "density": 2, "friction": 0, "bounce": 0, 
            "filter": { "categoryBits": 128, "maskBits": 65535 },
            "shape": [   663, 211  ,  778, 162  ,  699, 231  ,  641, 239  ]
        } ,
        {
            "density": 2, "friction": 0, "bounce": 0, 
            "filter": { "categoryBits": 128, "maskBits": 65535 },
            "shape": [   1195, 234  ,  1221, 128  ,  1235, 215  ,  1204, 272  ]
        } ,
        {
            "density": 2, "friction": 0, "bounce": 0, 
            "filter": { "categoryBits": 128, "maskBits": 65535 },
            "shape": [   170, 255  ,  277, 267  ,  222, 335  ,  155, 308  ]
        } ,
        {
            "density": 2, "friction": 0, "bounce": 0, 
            "filter": { "categoryBits": 128, "maskBits": 65535 },
            "shape": [   400, 248  ,  407, 218  ,  463, 252  ,  455, 291  ]
        } ,
        {
            "density": 2, "friction": 0, "bounce": 0, 
            "filter": { "categoryBits": 128, "maskBits": 65535 },
            "shape": [   62, 80  ,  174, 80  ,  81, 182  ,  13, 180  ,  1, 90  ]
        } ,
        {
            "density": 2, "friction": 0, "bounce": 0, 
            "filter": { "categoryBits": 128, "maskBits": 65535 },
            "shape": [   953, 1  ,  1016, 10  ,  1057, 70  ,  964, 155  ,  935, 152  ,  842, 72  ,  819, -1  ]
        } ,
        {
            "density": 2, "friction": 0, "bounce": 0, 
            "filter": { "categoryBits": 128, "maskBits": 65535 },
            "shape": [   1015, 211  ,  1130, 225  ,  1102, 273  ,  1044, 281  ]
        } ,
        {
            "density": 2, "friction": 0, "bounce": 0, 
            "filter": { "categoryBits": 128, "maskBits": 65535 },
            "shape": [   331, 78  ,  134, 243  ,  174, 80  ]
        } ,
        {
            "density": 2, "friction": 0, "bounce": 0, 
            "filter": { "categoryBits": 128, "maskBits": 65535 },
            "shape": [   1130, 225  ,  1221, 128  ,  1195, 234  ]
        } ,
        {
            "density": 2, "friction": 0, "bounce": 0, 
            "filter": { "categoryBits": 128, "maskBits": 65535 },
            "shape": [   1015, 211  ,  964, 155  ,  1057, 70  ,  1221, 128  ,  1130, 225  ]
        } ,
        {
            "density": 2, "friction": 0, "bounce": 0, 
            "filter": { "categoryBits": 128, "maskBits": 65535 },
            "shape": [   222, 335  ,  246, 359  ,  247, 398  ]
        } ,
        {
            "density": 2, "friction": 0, "bounce": 0, 
            "filter": { "categoryBits": 128, "maskBits": 65535 },
            "shape": [   222, 335  ,  277, 267  ,  246, 359  ]
        } ,
        {
            "density": 2, "friction": 0, "bounce": 0, 
            "filter": { "categoryBits": 128, "maskBits": 65535 },
            "shape": [   964, 155  ,  1015, 211  ,  1004, 246  ]
        } ,
        {
            "density": 2, "friction": 0, "bounce": 0, 
            "filter": { "categoryBits": 128, "maskBits": 65535 },
            "shape": [   501, 251  ,  517, 230  ,  509, 299  ]
        } ,
        {
            "density": 2, "friction": 0, "bounce": 0, 
            "filter": { "categoryBits": 128, "maskBits": 65535 },
            "shape": [   463, 252  ,  407, 218  ,  517, 230  ,  501, 251  ]
        } ,
        {
            "density": 2, "friction": 0, "bounce": 0, 
            "filter": { "categoryBits": 128, "maskBits": 65535 },
            "shape": [   333, 230  ,  407, 218  ,  347, 246  ]
        } ,
        {
            "density": 2, "friction": 0, "bounce": 0, 
            "filter": { "categoryBits": 128, "maskBits": 65535 },
            "shape": [   170, 255  ,  134, 243  ,  333, 230  ,  277, 267  ]
        } ,
        {
            "density": 2, "friction": 0, "bounce": 0, 
            "filter": { "categoryBits": 128, "maskBits": 65535 },
            "shape": [   1221, 128  ,  1286, 84  ,  1233, 142  ]
        } ,
        {
            "density": 2, "friction": 0, "bounce": 0, 
            "filter": { "categoryBits": 128, "maskBits": 65535 },
            "shape": [   1221, 128  ,  1057, 70  ,  1286, 84  ]
        } ,
        {
            "density": 2, "friction": 0, "bounce": 0, 
            "filter": { "categoryBits": 128, "maskBits": 65535 },
            "shape": [   517, 230  ,  624, 195  ,  521, 255  ]
        } ,
        {
            "density": 2, "friction": 0, "bounce": 0, 
            "filter": { "categoryBits": 128, "maskBits": 65535 },
            "shape": [   407, 218  ,  842, 72  ,  624, 195  ,  517, 230  ]
        } ,
        {
            "density": 2, "friction": 0, "bounce": 0, 
            "filter": { "categoryBits": 128, "maskBits": 65535 },
            "shape": [   428, 73  ,  842, 72  ,  407, 218  ,  333, 230  ,  134, 243  ,  331, 78  ]
        } ,
        {
            "density": 2, "friction": 0, "bounce": 0, 
            "filter": { "categoryBits": 128, "maskBits": 65535 },
            "shape": [   831, 165  ,  842, 72  ,  935, 152  ]
        }
    ]
}
